{
  "src": [
    "/sounds/door-sprite.mp3"
  ],
  "sprite": {
    "door-slide-001": [
      0,
      1799.954648526077
    ],
    "door-closes-001": [
      3000,
      800.5895691609978
    ]
  }
}