{
  "src": [
    "/sounds/projectile-sprite.mp3"
  ],
  "sprite": {
    "projectile-001": [
      0,
      1177.2108843537414
    ],
    "projectile-002": [
      3000,
      1726.2811791383222
    ],
    "zap-001": [
      6000,
      539.455782312925
    ],
    "whoosh-001": [
      8000,
      1658.2312925170068
    ],
    "whoosh-002": [
      11000,
      1202.5623582766443
    ]
  }
}